T,optimized_eta,optimized_duality_gap
5,1.527,0.614
6,1.389,0.555
7,1.632,0.488
8,1.574,0.411
9,1.467,0.371
10,1.370,0.345
11,1.304,0.327
12,1.517,0.302
13,1.454,0.274
14,1.377,0.256
15,1.314,0.243
16,1.262,0.233
17,1.438,0.220
18,1.387,0.207
19,1.333,0.196
20,1.283,0.188
21,1.239,0.181
22,1.389,0.174
23,1.347,0.166
24,1.302,0.159
25,1.263,0.153
26,1.229,0.149
27,1.355,0.144
28,1.319,0.139
29,1.283,0.134
30,1.249,0.130
31,1.220,0.126
32,1.332,0.123
33,1.301,0.119
34,1.269,0.116
35,1.240,0.112
36,1.214,0.110
37,1.314,0.107
38,1.286,0.104
39,1.258,0.102
40,1.232,0.099
41,1.209,0.097
42,1.300,0.095
43,1.275,0.093
44,1.250,0.091
45,1.226,0.089
46,1.206,0.087
47,1.288,0.086
48,1.266,0.084
49,1.243,0.082
50,1.221,0.080
