T,ergodic_duality_gap,last_iterate_duality_gap,guide_T_minus_1,guide_T_minus_half
5,0.614,2.000000047129953,0.614,2.000000047129953
6,0.555,2.0000000037776164,0.5116666666666666,1.8257419013741176
7,0.488,2.0000001099654208,0.43857142857142856,1.6903085492891132
8,0.411,2.000000000014712,0.38375,1.581138867343689
9,0.371,2.000000000163152,0.3411111111111111,1.4907120201284525
10,0.345,1.9999999999890576,0.307,1.4142135956990043
11,0.327,2.0000000048440576,0.27909090909090906,1.3483997567014918
12,0.302,2.000000052746329,0.2558333333333333,1.2909944791580594
13,0.274,2.0000000081374067,0.23615384615384613,1.2403473751208405
14,0.256,2.0000000007267786,0.21928571428571428,1.1952286374999275
15,0.243,2.0000000027083527,0.20466666666666666,1.1547005655897424
16,0.233,2.000000001418202,0.191875,1.1180340150963395
17,0.22,2.0000000027698754,0.18058823529411763,1.0846523146530864
18,0.207,2.000000004838393,0.17055555555555554,1.054092578229126
19,0.196,2.00000000049282,0.16157894736842104,1.0259783762623096
20,0.188,2.0000000022302267,0.1535,1.0000000235649764
21,0.181,1.9999999997631446,0.14619047619047618,0.9759000959455955
22,0.174,2.0000000186118148,0.13954545454545453,0.9534626117139158
23,0.166,2.0000000018534596,0.1334782608695652,0.9325048302147676
24,0.159,2.0000000041030686,0.12791666666666665,0.9128709506870588
25,0.153,2.0000000020620825,0.12279999999999999,0.8944272120770715
26,0.149,2.000000054384971,0.11807692307692307,0.8770580399748807
27,0.144,2.000000001001343,0.1137037037037037,0.8606629861053728
28,0.139,2.0000000336578356,0.10964285714285714,0.8451542746445566
29,0.134,2.0000000025082256,0.10586206896551724,0.8304548181070475
30,0.13,2.0000000039038426,0.10233333333333333,0.8164966001684487
