N,performance_measure,search_phase,search_round,eta_c,eta,objective,termination_status,primal_status,dual_status,solver,pfeas_tolerance,dfeas_tolerance,solve_seconds,selected
15,lst,coarse,0,0.5,2.0,2.000000017450616,OPTIMAL,FEASIBLE_POINT,FEASIBLE_POINT,mosek,0.0001,0.0001,0.2435999,false
15,lst,coarse,0,0.6120267716523277,1.6339154532410998,2.000000000753521,OPTIMAL,FEASIBLE_POINT,FEASIBLE_POINT,mosek,0.0001,0.0001,0.2412384,false
15,lst,coarse,0,0.7491535384383408,1.3348398541700344,2.0000000289456015,OPTIMAL,FEASIBLE_POINT,FEASIBLE_POINT,mosek,0.0001,0.0001,0.5222398,false
15,lst,coarse,0,0.9170040432046712,1.0905077326652577,2.00000004605059,OPTIMAL,FEASIBLE_POINT,FEASIBLE_POINT,mosek,0.0001,0.0001,0.371432,false
15,lst,coarse,0,1.122462048309373,0.8908987181403393,1.9999997359521275,OPTIMAL,FEASIBLE_POINT,FEASIBLE_POINT,mosek,0.0001,0.0001,0.3705002,false
15,lst,coarse,0,1.3739536474580891,0.7278265914210936,1.9999993507592542,OPTIMAL,FEASIBLE_POINT,FEASIBLE_POINT,mosek,0.0001,0.0001,0.3480998,false
15,lst,coarse,0,1.681792830507429,0.5946035575013605,1.999999794456149,OPTIMAL,FEASIBLE_POINT,FEASIBLE_POINT,mosek,0.0001,0.0001,0.3504659,false
15,lst,coarse,0,2.058604473286984,0.48576597057680293,1.999999361574724,OPTIMAL,FEASIBLE_POINT,FEASIBLE_POINT,mosek,0.0001,0.0001,0.3288186,false
15,lst,coarse,0,2.5198420997897464,0.39685026299204984,1.9999994352992447,OPTIMAL,FEASIBLE_POINT,FEASIBLE_POINT,mosek,0.0001,0.0001,0.3178262,false
15,lst,coarse,0,3.0844216508158815,0.3242098886627524,1.999998617931501,OPTIMAL,FEASIBLE_POINT,FEASIBLE_POINT,mosek,0.0001,0.0001,0.2819743,false
15,lst,coarse,0,3.7754972507267732,0.2648657735898239,1.9999993963188067,OPTIMAL,FEASIBLE_POINT,FEASIBLE_POINT,mosek,0.0001,0.0001,0.3129464,false
15,lst,coarse,0,4.621410787489092,0.21638414025153577,1.9999994326184944,OPTIMAL,FEASIBLE_POINT,FEASIBLE_POINT,mosek,0.0001,0.0001,0.2913185,false
15,lst,coarse,0,5.656854249492379,0.17677669529663692,1.9999991055728303,OPTIMAL,FEASIBLE_POINT,FEASIBLE_POINT,mosek,0.0001,0.0001,0.57647,false
15,lst,coarse,0,6.924292488049144,0.14441908710903414,1.9999992528371513,OPTIMAL,FEASIBLE_POINT,FEASIBLE_POINT,mosek,0.0001,0.0001,0.3111273,false
15,lst,coarse,0,8.475704754874362,0.11798428908521168,1.9999991418454013,OPTIMAL,FEASIBLE_POINT,FEASIBLE_POINT,mosek,0.0001,0.0001,0.2963818,false
15,lst,coarse,0,10.374716437208074,0.09638817658799634,1.9999992475167103,OPTIMAL,FEASIBLE_POINT,FEASIBLE_POINT,mosek,0.0001,0.0001,0.2691125,false
15,lst,coarse,0,12.699208415745593,0.07874506561842959,1.9999995053664132,OPTIMAL,FEASIBLE_POINT,FEASIBLE_POINT,mosek,0.0001,0.0001,0.3098891,false
15,lst,coarse,0,15.544511058457692,0.06433138979021825,1.9999996857566436,OPTIMAL,FEASIBLE_POINT,FEASIBLE_POINT,mosek,0.0001,0.0001,0.572781,false
15,lst,coarse,0,19.027313840043536,0.05255602595335716,1.9999996566765055,OPTIMAL,FEASIBLE_POINT,FEASIBLE_POINT,mosek,0.0001,0.0001,0.3243662,false
15,lst,coarse,0,23.29045092547499,0.0429360514830653,1.9999996931567445,OPTIMAL,FEASIBLE_POINT,FEASIBLE_POINT,mosek,0.0001,0.0001,0.2994663,false
15,lst,coarse,0,28.50875898049085,0.035076939009667914,1.9999995198557259,OPTIMAL,FEASIBLE_POINT,FEASIBLE_POINT,mosek,0.0001,0.0001,0.3095612,false
15,lst,coarse,0,34.89624744528824,0.028656376350145982,1.9999988351198428,OPTIMAL,FEASIBLE_POINT,FEASIBLE_POINT,mosek,0.0001,0.0001,0.2592245,false
15,lst,coarse,0,42.71487533344109,0.023411048076198152,1.999999425506434,OPTIMAL,FEASIBLE_POINT,FEASIBLE_POINT,mosek,0.0001,0.0001,0.5417767,false
15,lst,coarse,0,52.28529450371517,0.019125836614135246,1.9999997430999334,OPTIMAL,FEASIBLE_POINT,FEASIBLE_POINT,mosek,0.0001,0.0001,0.3162654,false
15,lst,coarse,0,64.0,0.015625,1.999998733980321,OPTIMAL,FEASIBLE_POINT,FEASIBLE_POINT,mosek,0.0001,0.0001,0.2612915,false
15,lst,canonical_flat,0,0.7609210526315789,1.3141967836762927,2.0000000027083527,OPTIMAL,FEASIBLE_POINT,FEASIBLE_POINT,mosek,0.0001,0.0001,0.2893433,true
