N,performance_measure,solver,classification,selected_eta_c,selected_eta,selected_objective,all_optimal,num_solves,total_solve_seconds,final_eta_c_lo,final_eta_c_hi,boundary_widenings,eta_grid_spacing,validation_reference_eta,validation_reference_objective,validation_objective_error,validation_eta_match,validation_pass,decision,decision_reason
5,lst,mosek,flat,0.6549078947368421,1.5269322725172283,2.000000047129953,true,26,2.1740691,0.6120267716523277,0.7491535384383408,0,0.19209241834719393,,,,,,COMPLETE,"all N=5:30 horizons passed the strict status, classification, and selected-point gates"
6,lst,mosek,flat,0.7198684210526316,1.3891427526960336,2.0000000037776164,true,26,2.4246014000000002,0.6120267716523277,0.7491535384383408,0,0.24477270054506617,,,,,,COMPLETE,"all N=5:30 horizons passed the strict status, classification, and selected-point gates"
7,lst,mosek,flat,0.6128026315789474,1.6318467781761963,2.0000001099654208,true,26,1.1201631000000003,0.6120267716523277,0.7491535384383408,0,0.2970069240061619,,,,,,COMPLETE,"all N=5:30 horizons passed the strict status, classification, and selected-point gates"
8,lst,mosek,flat,0.6353552631578948,1.5739225878600864,2.000000000014712,true,26,3.7081977,0.6120267716523277,0.7491535384383408,0,0.23908273369005206,,,,,,COMPLETE,"all N=5:30 horizons passed the strict status, classification, and selected-point gates"
9,lst,mosek,flat,0.6818552631578947,1.466586904922715,2.000000000163152,true,26,2.2655363,0.6120267716523277,0.7491535384383408,0,0.16732854831838484,,,,,,COMPLETE,"all N=5:30 horizons passed the strict status, classification, and selected-point gates"
10,lst,mosek,flat,0.7298684210526316,1.3701099693528032,1.9999999999890576,true,26,2.6477022000000003,0.6120267716523277,0.7491535384383408,0,0.2638054838882966,,,,,,COMPLETE,"all N=5:30 horizons passed the strict status, classification, and selected-point gates"
11,lst,mosek,flat,0.7667105263157894,1.3042732109147075,2.0000000048440576,true,26,3.8014449999999993,0.7491535384383408,0.9170040432046712,0,0.2137654782494498,,,,,,COMPLETE,"all N=5:30 horizons passed the strict status, classification, and selected-point gates"
12,lst,mosek,flat,0.6592499999999999,1.516875237011756,2.000000052746329,true,26,4.6971193,0.6120267716523277,0.7491535384383408,0,0.1820353828417216,,,,,,COMPLETE,"all N=5:30 horizons passed the strict status, classification, and selected-point gates"
13,lst,mosek,flat,0.6878552631578947,1.4537942116035734,2.0000000081374067,true,26,5.8471773,0.6120267716523277,0.7491535384383408,0,0.1801212416375264,,,,,,COMPLETE,"all N=5:30 horizons passed the strict status, classification, and selected-point gates"
14,lst,mosek,flat,0.7264473684210527,1.3765622169896756,2.0000000007267786,true,26,7.3024508,0.6120267716523277,0.7491535384383408,0,0.25735323625142414,,,,,,COMPLETE,"all N=5:30 horizons passed the strict status, classification, and selected-point gates"
15,lst,mosek,flat,0.7609210526315789,1.3141967836762927,2.0000000027083527,true,26,8.917516800000001,0.7491535384383408,0.9170040432046712,0,0.22368905101103498,,,,,,COMPLETE,"all N=5:30 horizons passed the strict status, classification, and selected-point gates"
16,lst,mosek,flat,0.7925000000000001,1.2618296529968454,2.000000001418202,true,26,11.691243699999998,0.7491535384383408,0.9170040432046712,0,0.17132192033158766,,,,,,COMPLETE,"all N=5:30 horizons passed the strict status, classification, and selected-point gates"
17,lst,mosek,flat,0.6951973684210526,1.4384404277467588,2.0000000027698754,true,26,12.497846300000003,0.6120267716523277,0.7491535384383408,0,0.19547502549434093,,,,,,COMPLETE,"all N=5:30 horizons passed the strict status, classification, and selected-point gates"
18,lst,mosek,flat,0.7209210526315789,1.3871144369410477,2.000000004838393,true,26,15.858197800000003,0.6120267716523277,0.7491535384383408,0,0.24680101630005202,,,,,,COMPLETE,"all N=5:30 horizons passed the strict status, classification, and selected-point gates"
19,lst,mosek,flat,0.7503947368421051,1.3326319480974929,2.00000000049282,true,26,18.861574499999996,0.7491535384383408,0.9170040432046712,0,0.24212421543223517,,,,,,COMPLETE,"all N=5:30 horizons passed the strict status, classification, and selected-point gates"
20,lst,mosek,flat,0.7796052631578947,1.2827004219409284,2.0000000022302267,true,26,22.535457000000005,0.7491535384383408,0.9170040432046712,0,0.19219268927567068,,,,,,COMPLETE,"all N=5:30 horizons passed the strict status, classification, and selected-point gates"
21,lst,mosek,flat,0.8069736842105264,1.2391977824881786,1.9999999997631446,true,26,31.3422274,0.7491535384383408,0.9170040432046712,0,0.1486900498229209,,,,,,COMPLETE,"all N=5:30 horizons passed the strict status, classification, and selected-point gates"
22,lst,mosek,flat,0.7201315789473683,1.38863511785127,2.0000000186118148,true,26,35.2293271,0.6120267716523277,0.7491535384383408,0,0.24528033538982985,,,,,,COMPLETE,"all N=5:30 horizons passed the strict status, classification, and selected-point gates"
23,lst,mosek,flat,0.7425,1.3468013468013467,2.0000000018534596,true,26,37.73405600000001,0.6120267716523277,0.7491535384383408,0,0.2871141064397531,,,,,,COMPLETE,"all N=5:30 horizons passed the strict status, classification, and selected-point gates"
24,lst,mosek,flat,0.7677631578947368,1.3024850042844902,2.0000000041030686,true,26,45.4701782,0.7491535384383408,0.9170040432046712,0,0.21197727161923252,,,,,,COMPLETE,"all N=5:30 horizons passed the strict status, classification, and selected-point gates"
25,lst,mosek,flat,0.7917105263157893,1.263087917566894,2.0000000020620825,true,26,53.54236830000001,0.7491535384383408,0.9170040432046712,0,0.1725801849016364,,,,,,COMPLETE,"all N=5:30 horizons passed the strict status, classification, and selected-point gates"
26,lst,mosek,flat,0.813815789473684,1.228779304769604,2.000000054384971,true,26,62.58608349999999,0.7491535384383408,0.9170040432046712,0,0.13827157210434637,,,,,,COMPLETE,"all N=5:30 horizons passed the strict status, classification, and selected-point gates"
27,lst,mosek,flat,0.7377631578947368,1.3554485464597825,2.000000001001343,true,26,71.39373599999998,0.6120267716523277,0.7491535384383408,0,0.27846690678131725,,,,,,COMPLETE,"all N=5:30 horizons passed the strict status, classification, and selected-point gates"
28,lst,mosek,flat,0.7580263157894735,1.319215413990627,2.0000000336578356,true,26,87.63003280000001,0.7491535384383408,0.9170040432046712,0,0.22870768132536923,,,,,,COMPLETE,"all N=5:30 horizons passed the strict status, classification, and selected-point gates"
29,lst,mosek,flat,0.7796052631578947,1.2827004219409284,2.0000000025082256,true,26,89.55209250000001,0.7491535384383408,0.9170040432046712,0,0.19219268927567068,,,,,,COMPLETE,"all N=5:30 horizons passed the strict status, classification, and selected-point gates"
30,lst,mosek,flat,0.8003947368421053,1.2493835278645404,2.0000000039038426,true,26,99.84600529999997,0.7491535384383408,0.9170040432046712,0,0.15887579519928274,,,,,,COMPLETE,"all N=5:30 horizons passed the strict status, classification, and selected-point gates"
