series,window,T,duality_gap,log_T,log_gap,fitted_log_gap,fitted_gap,log_residual
ergodic_average,full_5_30,5,0.614,1.6094379124341003,-0.4877603508349946,-0.4488063828802644,0.6383896899017235,-0.03895396795473016
ergodic_average,full_5_30,6,0.555,1.791759469228055,-0.5887871652357024,-0.6096200052373326,0.5435573787928596,0.020832840001630215
ergodic_average,full_5_30,7,0.488,1.9459101490553132,-0.7174398731289899,-0.745585985605969,0.4744561939644951,0.028146112476979068
ergodic_average,full_5_30,8,0.411,2.0794415416798357,-0.8891620644859025,-0.8633650750561606,0.4217405033512531,-0.025796989429741957
ergodic_average,full_5_30,9,0.371,2.1972245773362196,-0.991553216374702,-0.9672535945992475,0.38012558477918507,-0.024299621775454416
ergodic_average,full_5_30,10,0.345,2.302585092994046,-1.0642108619507773,-1.0601850420610075,0.34639170736392133,-0.004025819889769799
ergodic_average,full_5_30,11,0.327,2.3978952727983707,-1.1177951080848836,-1.1442517620438697,0.31846211410690783,0.02645665395898611
ergodic_average,full_5_30,12,0.302,2.4849066497880004,-1.1973282616072674,-1.2209986644180753,0.2949354782332116,0.0236704028108079
ergodic_average,full_5_30,13,0.274,2.5649493574615367,-1.2946271725940668,-1.2915989707701987,0.2748309848596624,-0.003028201823868093
ergodic_average,full_5_30,14,0.256,2.6390573296152584,-1.3625778345025745,-1.3569646447867114,0.2574410171349255,-0.0056131897158631094
ergodic_average,full_5_30,15,0.243,2.70805020110221,-1.4146938356415886,-1.4178186314229217,0.24224185975874518,0.0031247957813331784
ergodic_average,full_5_30,16,0.233,2.772588722239781,-1.4567168254164364,-1.4747437342369032,0.2288373627131252,0.018026908820466758
ergodic_average,full_5_30,17,0.22,2.833213344056216,-1.5141277326297755,-1.5282166488486741,0.21692217098106176,0.014088916218898628
ergodic_average,full_5_30,18,0.207,2.8903717578961645,-1.575036485716768,-1.57863225377999,0.2062570126166061,0.003595768063221927
ergodic_average,full_5_30,19,0.196,2.9444389791664403,-1.6296406197516198,-1.6263213249800577,0.1966516627072151,-0.00331929477156212
ergodic_average,full_5_30,20,0.188,2.995732273553991,-1.6713133161521878,-1.6715637012417497,0.1879529334957837,0.00025038508956187755
ergodic_average,full_5_30,21,0.181,3.044522437723423,-1.7092582477163114,-1.714598234148626,0.18003603851702016,0.005339986432314703
ergodic_average,full_5_30,22,0.174,3.091042453358316,-1.7486999797676082,-1.7556304212246123,0.17279827224840957,0.006930441457004166
ergodic_average,full_5_30,23,0.166,3.1354942159291497,-1.7957674906255938,-1.7948383409290865,0.16615431052730842,-0.0009291496965073698
ergodic_average,full_5_30,24,0.159,3.1780538303479458,-1.8388510767619055,-1.8323773235988179,0.16003266575800168,-0.0064737531630876255
ergodic_average,full_5_30,25,0.153,3.2188758248682006,-1.8773173575897015,-1.8683836682465957,0.15437297821840495,-0.008933689343105788
ergodic_average,full_5_30,26,0.149,3.258096538021482,-1.903808973036678,-1.9029776299509413,0.14912392162332994,-0.0008313430857367354
ergodic_average,full_5_30,27,0.144,3.295836866004329,-1.9379419794061366,-1.9362658431419046,0.14424156601427246,-0.0016761362642319089
ergodic_average,full_5_30,28,0.139,3.332204510175204,-1.973281345851445,-1.968343303967454,0.13968808532073798,-0.004938041883991051
ergodic_average,full_5_30,29,0.134,3.367295829986474,-2.0099154790312257,-1.9992950046405575,0.13543072762323502,-0.010620474390668155
ergodic_average,full_5_30,30,0.13,3.4011973816621555,-2.0402208285265546,-2.0291972906036646,0.1314409877292362,-0.011023537922890014
ergodic_average,tail_15_30,15,0.243,2.70805020110221,-1.4146938356415886,-1.4064514059054114,0.24501118757576426,-0.00824242973617717
ergodic_average,tail_15_30,16,0.233,2.772588722239781,-1.4567168254164364,-1.4652613283348221,0.2310176121403628,0.00854450291838571
ergodic_average,tail_15_30,17,0.22,2.833213344056216,-1.5141277326297755,-1.5205047588239873,0.21860151805454556,0.006377026194211766
ergodic_average,tail_15_30,18,0.207,2.8903717578961645,-1.575036485716768,-1.5725896505268844,0.2075071150447661,-0.002446835189883645
ergodic_average,tail_15_30,19,0.196,2.9444389791664403,-1.6296406197516198,-1.6218577315555904,0.1975313977048325,-0.007782888196029347
ergodic_average,tail_15_30,20,0.188,2.995732273553991,-1.6713133161521878,-1.6685981063102375,0.18851115308018984,-0.0027152098419502835
ergodic_average,tail_15_30,21,0.181,3.044522437723423,-1.7092582477163114,-1.7130575348739352,0.18031363370141928,0.0037992871576237874
ergodic_average,tail_15_30,22,0.174,3.091042453358316,-1.7486999797676082,-1.755448318899979,0.1728297420807565,0.006748339132370829
ergodic_average,tail_15_30,23,0.166,3.1354942159291497,-1.7957674906255938,-1.7959544331177006,0.16596897044677164,0.000186942492106823
ergodic_average,tail_15_30,24,0.159,3.1780538303479458,-1.8388510767619055,-1.834736350931711,0.1596555892670667,-0.0041147258301945655
ergodic_average,tail_15_30,25,0.153,3.2188758248682006,-1.8773173575897015,-1.871934884285653,0.1538257386801806,-0.005382473304048618
ergodic_average,tail_15_30,26,0.149,3.258096538021482,-1.903808973036678,-1.9076742699659344,0.14842518239357794,0.003865296929256301
ergodic_average,tail_15_30,27,0.144,3.295836866004329,-1.9379419794061366,-1.9420646731237732,0.14340755418012047,0.004122693717636627
ergodic_average,tail_15_30,28,0.139,3.332204510175204,-1.973281345851445,-1.9752042352787613,0.13873297518148037,0.0019228894273162211
ergodic_average,tail_15_30,29,0.134,3.367295829986474,-2.0099154790312257,-2.007180762780025,0.13436695350582506,-0.0027347162512008083
ergodic_average,tail_15_30,30,0.13,3.4011973816621555,-2.0402208285265546,-2.0380731289071266,0.13027950098516955,-0.0021476996194280673
last_iterate,full_5_30,5,2.000000047129953,1.6094379124341003,0.6931472041249215,0.6931471961199637,2.0000000311200368,8.00495780772792e-9
last_iterate,full_5_30,6,2.0000000037776164,1.791759469228055,0.6931471824487535,0.6931471947501008,2.000000028380311,-1.2301347274146224e-8
last_iterate,full_5_30,7,2.0000001099654208,1.9459101490553132,0.6931472355426542,0.6931471935918981,2.0000000260639057,4.195075609114696e-8
last_iterate,full_5_30,8,2.000000000014712,2.0794415416798357,0.6931471805673012,0.6931471925886175,2.0000000240573446,-1.2021316275756533e-8
last_iterate,full_5_30,9,2.000000000163152,2.1972245773362196,0.6931471806415214,0.693147191703661,2.0000000222874315,-1.1062139648743141e-8
last_iterate,full_5_30,10,1.9999999999890576,2.302585092994046,0.6931471805544741,0.6931471909120407,2.000000020704191,-1.035756658218645e-8
last_iterate,full_5_30,11,2.0000000048440576,2.3978952727983707,0.6931471829819741,0.6931471901959328,2.000000019271975,-7.2139587636854685e-9
last_iterate,full_5_30,12,2.000000052746329,2.4849066497880004,0.6931472069331095,0.6931471895421777,2.000000017964465,1.7390931805749688e-8
last_iterate,full_5_30,13,2.0000000081374067,2.5649493574615367,0.6931471846286487,0.6931471889407812,2.000000016761672,-4.312132539929792e-9
last_iterate,full_5_30,14,2.0000000007267786,2.6390573296152584,0.6931471809233346,0.693147188383975,2.0000000156480597,-7.460640438772259e-9
last_iterate,full_5_30,15,2.0000000027083527,2.70805020110221,0.6931471819141216,0.6931471878656009,2.0000000146113113,-5.951479309374008e-9
last_iterate,full_5_30,16,2.000000001418202,2.772588722239781,0.6931471812690463,0.6931471873806944,2.000000013641498,-6.1116480765122105e-9
last_iterate,full_5_30,17,2.0000000027698754,2.833213344056216,0.693147181944883,0.6931471869251946,2.0000000127304984,-4.98031160756085e-9
last_iterate,full_5_30,18,2.000000004838393,2.8903717578961645,0.6931471829791417,0.693147186495738,2.0000000118715855,-3.516596347452605e-9
last_iterate,full_5_30,19,2.00000000049282,2.9444389791664403,0.6931471808063553,0.6931471860895069,2.000000011059123,-5.2831515828799525e-9
last_iterate,full_5_30,20,2.0000000022302267,2.995732273553991,0.6931471816750586,0.6931471857041176,2.0000000102883444,-4.0290589753411155e-9
last_iterate,full_5_30,21,1.9999999997631446,3.044522437723423,0.6931471804415176,0.6931471853375354,2.00000000955518,-4.8960178133938825e-9
last_iterate,full_5_30,22,2.0000000186118148,3.091042453358316,0.6931471898658527,0.6931471849880098,2.0000000088561287,4.877842907369256e-9
last_iterate,full_5_30,23,2.0000000018534596,3.1354942159291497,0.6931471814866751,0.6931471846540239,2.0000000081881573,-3.1673488276595663e-9
last_iterate,full_5_30,24,2.0000000041030686,3.1780538303479458,0.6931471826114796,0.6931471843342546,2.0000000075486186,-1.7227750337411862e-9
last_iterate,full_5_30,25,2.0000000020620825,3.2188758248682006,0.6931471815909865,0.6931471840275408,2.000000006935191,-2.4365542916626737e-9
last_iterate,full_5_30,26,2.000000054384971,3.258096538021482,0.6931472077524305,0.6931471837328581,2.0000000063458256,2.4019572442135484e-8
last_iterate,full_5_30,27,2.000000001001343,3.295836866004329,0.6931471810606168,0.6931471834492983,2.000000005778706,-2.388681474840837e-9
last_iterate,full_5_30,28,2.0000000336578356,3.332204510175204,0.693147197388863,0.693147183176052,2.0000000052322133,1.4212811039193696e-8
last_iterate,full_5_30,29,2.0000000025082256,3.367295829986474,0.6931471818140581,0.6931471829123953,2.0000000047049,-1.0983371989681245e-9
last_iterate,full_5_30,30,2.0000000039038426,3.4011973816621555,0.6931471825118666,0.6931471826576778,2.000000004195465,-1.458112519614474e-10
last_iterate,tail_15_30,15,2.0000000027083527,2.70805020110221,0.6931471819141216,0.6931471803925172,1.9999999996651439,1.5216043980359473e-9
last_iterate,tail_15_30,16,2.000000001418202,2.772588722239781,0.6931471812690463,0.6931471811372677,2.000000001154645,1.3177858804169773e-10
last_iterate,tail_15_30,17,2.0000000027698754,2.833213344056216,0.693147181944883,0.6931471818368532,2.000000002553816,1.0802980732194101e-10
last_iterate,tail_15_30,18,2.000000004838393,2.8903717578961645,0.6931471829791417,0.69314718249644,2.0000000038729895,4.827016564235009e-10
last_iterate,tail_15_30,19,2.00000000049282,2.9444389791664403,0.6931471808063553,0.6931471831203556,2.0000000051208207,-2.3140003246879814e-9
last_iterate,tail_15_30,20,2.0000000022302267,2.995732273553991,0.6931471816750586,0.693147183712261,2.0000000063046315,-2.0372024067683014e-9
last_iterate,tail_15_30,21,1.9999999997631446,3.044522437723423,0.6931471804415176,0.6931471842752813,2.000000007430672,-3.833763750904495e-9
last_iterate,tail_15_30,22,2.0000000186118148,3.091042453358316,0.6931471898658527,0.6931471848121049,2.000000008504319,5.053747753613891e-9
last_iterate,tail_15_30,23,2.0000000018534596,3.1354942159291497,0.6931471814866751,0.6931471853250617,2.0000000095302326,-3.838386608556732e-9
last_iterate,tail_15_30,24,2.0000000041030686,3.1780538303479458,0.6931471826114796,0.6931471858161838,2.000000010512477,-3.204704279724524e-9
last_iterate,tail_15_30,25,2.0000000020620825,3.2188758248682006,0.6931471815909865,0.6931471862872544,2.000000011454618,-4.696267819070954e-9
last_iterate,tail_15_30,26,2.000000054384971,3.258096538021482,0.6931472077524305,0.6931471867398468,2.000000012359803,2.1012583784063565e-8
last_iterate,tail_15_30,27,2.000000001001343,3.295836866004329,0.6931471810606168,0.6931471871753561,2.0000000132308213,-6.114739270479674e-9
last_iterate,tail_15_30,28,2.0000000336578356,3.332204510175204,0.693147197388863,0.6931471875950251,2.0000000140701597,9.793837851823639e-9
last_iterate,tail_15_30,29,2.0000000025082256,3.367295829986474,0.6931471818140581,0.6931471879999659,2.000000014880041,-6.185907786004918e-9
last_iterate,tail_15_30,30,2.0000000039038426,3.4011973816621555,0.6931471825118666,0.6931471883911772,2.0000000156624638,-5.879310593925879e-9
