T,ergodic_optimized_eta,last_iterate_selected_eta,absolute_eta_difference
5,1.527,1.5269322725172283,6.772748277161789e-5
6,1.389,1.3891427526960336,0.00014275269603358787
7,1.632,1.6318467781761963,0.0001532218238036176
8,1.574,1.5739225878600864,7.741213991363516e-5
9,1.467,1.466586904922715,0.0004130950772851527
10,1.37,1.3701099693528032,0.00010996935280305209
11,1.304,1.3042732109147075,0.00027321091470744463
12,1.517,1.516875237011756,0.00012476298824393162
13,1.454,1.4537942116035734,0.0002057883964265983
14,1.377,1.3765622169896756,0.0004377830103243774
15,1.314,1.3141967836762927,0.00019678367629261118
16,1.262,1.2618296529968454,0.00017034700315465834
17,1.438,1.4384404277467588,0.00044042774675889795
18,1.387,1.3871144369410477,0.00011443694104773527
19,1.333,1.3326319480974929,0.00036805190250710496
20,1.283,1.2827004219409284,0.000299578059071548
21,1.239,1.2391977824881786,0.00019778248817847732
22,1.389,1.38863511785127,0.0003648821487300946
23,1.347,1.3468013468013467,0.0001986531986533091
24,1.302,1.3024850042844902,0.00048500428449016475
25,1.263,1.263087917566894,8.791756689419117e-5
26,1.229,1.228779304769604,0.00022069523039602856
27,1.355,1.3554485464597825,0.0004485464597825395
28,1.319,1.319215413990627,0.00021541399062696698
29,1.283,1.2827004219409284,0.000299578059071548
30,1.249,1.2493835278645404,0.00038352786454032284
